{
  "employees": [
    {
      "id": 1,
      "first_name": "Sebastian",
      "last_name": "Eschweiler",
      "email": "sebastian@codingthesmartway.com"
    },
    {
      "id": 2,
      "first_name": "Steve",
      "last_name": "Palmer",
      "email": "steve@codingthesmartway.com"
    },
    {
      "id": 3,
      "first_name": "Ann",
      "last_name": "Smith",
      "email": "ann@codingthesmartway.com"
    },
    {
      "id": 4,
      "first_name": "lolo",
      "last_name": "lala",
      "email": "lili"
    },
    {
      "id": 5,
      "first_name": "Alfredo",
      "last_name": "Santiago",
      "email": "alfredo_santiagog@hotmail.com"
    },
    {
      "id": 6,
      "first_name": "Eric ",
      "last_name": "Mazon",
      "email": "mazon.eric@gmail.com"
    },
    {
      "id": 7,
      "first_name": "Emmanuel",
      "last_name": "Cuevas",
      "email": "cuevas.emma@gays.com"
    }
  ]
}