{
  "name": "list-is",
  "main": "list-is.html",
  "dependencies": {
    "polymer": "Polymer/polymer#^2.0.0"
  },
  "devDependencies": {
    "iron-demo-helpers": "PolymerElements/iron-demo-helpers#^2.0.0",
    "web-component-tester": "Polymer/web-component-tester#^6.0.0",
    "webcomponentsjs": "webcomponents/webcomponentsjs#^1.0.0"
  },
  "resolutions": {
    "polymer": "^2.0.0"
  },
  "_source": "C:\\Users\\eric.cuevas\\Documents\\Polymer\\cPolymerStk2019\\Ejercicios2\\polymer\\list-is",
  "_target": "*",
  "_originalSource": "../list-is/",
  "_direct": true
}